,rmse,mean,median,std,min,max,sse
final.kitti,0.2460439885658075,0.2250323714655383,0.1754422665686467,0.09948907528953725,0.11334517315997994,0.40355513241019325,110.78388908614933
gt_noise_lc.kitti,0.6455069046220698,0.46124435762494165,0.2445330229013241,0.4515892010156141,0.0034697129467657992,1.737650950006842,762.5228699640215
