{
    "rmse": 0.2460439885658075,
    "mean": 0.2250323714655383,
    "median": 0.1754422665686467,
    "std": 0.09948907528953725,
    "min": 0.11334517315997994,
    "max": 0.40355513241019325,
    "sse": 110.78388908614933
}