,rmse,mean,median,std,min,max,sse
final.kitti,0.32686707145374816,0.28705324131724824,0.23791614289606977,0.1563410344407742,0.05039398069362196,0.8560148085107543,180.45627717486627
gt_noise_lc.kitti,0.44487518479141364,0.37984573131705435,0.4185775674473534,0.23158400299547163,0.02672169494546174,0.789747369444855,334.2766278429554
