{
    "rmse": 0.6455069046220698,
    "mean": 0.46124435762494165,
    "median": 0.2445330229013241,
    "std": 0.4515892010156141,
    "min": 0.0034697129467657992,
    "max": 1.737650950006842,
    "sse": 762.5228699640215
}